{
  "properties": [
    {
      "min": -1.3312443122466022,
      "max": 0.9521371313482643,
      "mean": -0.049411558126023776,
      "std": 0.5927389039614442
    },
    {
      "min": -0.11555555555555558,
      "max": 0.42843915343915345,
      "mean": 0.05829490765418964,
      "std": 0.10273359988283706
    },
    {
      "min": 0,
      "max": 367.55660306554,
      "mean": 10.813231514187883,
      "std": 40.44149592303098
    }
  ]
}