{
  "properties": [
    {
      "min": 0.2085137733472805,
      "max": 2.3175776849309497,
      "mean": 0.8648127142768485,
      "std": 0.5084712130299802
    },
    {
      "min": 0.8070844355782992,
      "max": 1.770180840452752,
      "mean": 1.1563465509039985,
      "std": 0.2528652185781321
    },
    {
      "min": 0,
      "max": 2.604758632707741,
      "mean": 0.3596986530556432,
      "std": 0.7383808088048234
    }
  ]
}