{
  "properties": [
    {
      "min": 0.6993385476099822,
      "max": 0.9007773868108351,
      "mean": 0.7,
      "std": 0.1
    },
    {
      "min": 1.215883668903803,
      "max": 1.2340555555555557,
      "mean": 1.22,
      "std": 0.05
    },
    {
      "min": 0.22676804690828337,
      "max": 0.2597426046717233,
      "mean": 0.23,
      "std": 0.01
    }
  ]
}
