{
  "properties": [
    {
      "min": 0.20789508816552218,
      "max": 2.3175776849309497,
      "mean": 0.8712487855465836,
      "std": 0.5120807311952297
    },
    {
      "min": 0.8244911577188697,
      "max": 1.7267469891812055,
      "mean": 1.1552838579560376,
      "std": 0.24635406574289712
    },
    {
      "min": 0,
      "max": 2.3590094740635794,
      "mean": 0.4061333512174503,
      "std": 0.7379215720486778
    }
  ]
}