{
  "type": "svm",
  "parameters": {
    "nClasses": 2,
    "nRows": 2,
    "vectors": [
      [40.0, 80.0],
      [50.0, 70.0],
      [45.0, 75.0],
      [90.0, 30.0],
      [80.0, 40.0],
      [65.0, 55.0],
      [85.0, 35.0]
    ],
    "coefficients": [
      [
        -1.0,
        -1.0,
        -1.0,
        0.750000000001736,
        0.7499999999965281,
        0.7500000000121518,
        0.749999999989584
      ]
    ],
    "intercepts": [-0.2499999999895841],
    "weights": [3, 4],
    "kernel": "RBF",
    "gamma": 0.5,
    "coef0": 0.0,
    "degree": 3
  }
}
