{
  "parameters": {
    "coef0": 0.0,
    "coefficients": [
      [
        -1000.0,
        -1000.0,
        -1000.0,
        -1000.0,
        -1000.0,
        -1000.0,
        -1000.0,
        -1000.0,
        -1000.0,
        -1000.0,
        -1000.0,
        -1000.0,
        -1000.0,
        -1000.0,
        -1000.0,
        -564.5764332129963,
        -1000.0,
        -1000.0,
        -1000.0,
        -1000.0,
        -1000.0,
        -64.74207908505095,
        -1000.0,
        -1000.0,
        -1000.0,
        -1000.0,
        -1000.0,
        -25.037208064308437,
        -1000.0,
        -872.0489319507533,
        -1000.0,
        -1000.0,
        -1000.0,
        -1000.0,
        -1000.0,
        -1000.0,
        -1000.0,
        -1000.0,
        1000.0,
        1000.0,
        1000.0,
        1000.0,
        269.43751850267444,
        1000.0,
        1000.0,
        1000.0,
        1000.0,
        1000.0,
        1000.0,
        1000.0,
        1000.0,
        1000.0,
        1000.0,
        1000.0,
        1000.0,
        1000.0,
        236.19046262932085,
        1000.0,
        1000.0,
        1000.0,
        1000.0,
        846.4165084516669,
        1000.0,
        242.9829186454965,
        1000.0,
        1000.0,
        1000.0,
        1000.0,
        1000.0,
        1000.0,
        349.2290208735874,
        1000.0,
        284.285479532968,
        1000.0,
        1000.0,
        1000.0,
        297.8627436773928,
        1000.0
      ]
    ],
    "degree": 3,
    "gamma": 0.1,
    "intercepts": [
      -0.45841799741841566
    ],
    "kernel": "RBF",
    "nClasses": 2,
    "nRows": 2,
    "vectors": [
      [
        -0.18062070935347901,
        -0.6784733766131991,
        -0.431911700945986
      ],
      [
        0.23694236987279102,
        -0.9306426822414281,
        -0.550374682894701
      ],
      [
        -0.592924363211443,
        -0.04845989435128201,
        0.019600508433605
      ],
      [
        0.6820941986926401,
        -1.097743496020877,
        -0.550374682894701
      ],
      [
        -0.37997813745965403,
        -0.689729252321847,
        -0.31678001095462405
      ],
      [
        -0.29394907648462903,
        -0.488679395503241,
        -0.42962481693908705
      ],
      [
        0.23446600610908702,
        -0.9583359218209541,
        -0.550374682894701
      ],
      [
        0.049796058202530004,
        -0.8731547857952481,
        -0.44429672678157206
      ],
      [
        -0.146512569753037,
        -0.62498843904305,
        -0.325099521322116
      ],
      [
        -0.30782790869021404,
        -0.443059836576611,
        -0.44069827562594704
      ],
      [
        -0.31524098898129405,
        -0.426204417214163,
        -0.464694273927146
      ],
      [
        0.048047728965322,
        -0.7630044293779591,
        -0.550374682894701
      ],
      [
        -0.29677061094726304,
        -0.430967905294854,
        -0.550374682894701
      ],
      [
        -1.022837876996095,
        0.234141526971114,
        -0.37733659105606604
      ],
      [
        -0.530307926338209,
        -0.08908061166077201,
        0.057436526137964
      ],
      [
        0.36210222554167204,
        -0.8461747178379061,
        -0.550374682894701
      ],
      [
        -0.354547857820578,
        -0.57344445053853,
        -0.422985624788183
      ],
      [
        0.37474682640996804,
        -1.019590607465697,
        -0.550374682894701
      ],
      [
        -0.048416984735987004,
        -0.700603823903544,
        -0.45022656311332404
      ],
      [
        -1.048512145013836,
        0.107980136363715,
        -0.435139984511037
      ],
      [
        -0.022942952963769,
        -0.7127574302023401,
        -0.550374682894701
      ],
      [
        -1.262678629990039,
        1.874682699113385,
        1.445718960155964
      ],
      [
        0.21503030593574002,
        -0.9559366605930331,
        -0.550374682894701
      ],
      [
        -0.31588421233714303,
        -0.5480488552873141,
        -0.42457896123912203
      ],
      [
        -0.011662540866759,
        -0.8731806082927611,
        -0.523328296191865
      ],
      [
        -0.21057184260192702,
        -0.652019732673066,
        -0.320933332175859
      ],
      [
        -0.272068253687171,
        -0.650901016054737,
        -0.423162359324986
      ],
      [
        -0.329006154774432,
        1.291074155249317,
        1.654406742226979
      ],
      [
        -0.30529797031184003,
        -0.35493530708380605,
        -0.550374682894701
      ],
      [
        0.6814358621103941,
        -1.081435470301963,
        -0.550374682894701
      ],
      [
        0.23537418351694803,
        -0.9983826013889431,
        -0.550374682894701
      ],
      [
        -0.31561795580718105,
        -0.41264679729219206,
        -0.550374682894701
      ],
      [
        -1.037903915769661,
        0.16704158416421103,
        -0.42735843930188605
      ],
      [
        0.561330975365486,
        -1.066373210882277,
        -0.550374682894701
      ],
      [
        0.006634481695685,
        -0.739785599433991,
        -0.550374682894701
      ],
      [
        -0.38539395482584904,
        -0.61697975668347,
        -0.425333439739138
      ],
      [
        0.259214035578458,
        -0.9622101240920031,
        -0.550374682894701
      ],
      [
        0.584303517043915,
        -1.034907840262074,
        -0.550374682894701
      ],
      [
        0.28001059255689603,
        -0.9270510215963461,
        -0.4625722241235
      ],
      [
        0.146509002959986,
        -0.937901268757769,
        -0.46081402986116105
      ],
      [
        0.24351953956809103,
        -0.8851434854802811,
        -0.550374682894701
      ],
      [
        0.260306546960054,
        -0.861775043704288,
        -0.550374682894701
      ],
      [
        0.047105607033971,
        -0.880826219431298,
        -0.550374682894701
      ],
      [
        -0.6932696378632791,
        -0.22880593880923902,
        -0.44870069755585
      ],
      [
        0.14946343544472102,
        -0.9301467218815931,
        -0.517082118196323
      ],
      [
        -0.5840422334067541,
        0.012296450628785,
        0.0073662914053240006
      ],
      [
        -0.813699174671857,
        -0.333708466924017,
        -0.437177221151808
      ],
      [
        -0.7078652932810471,
        0.040704174968064,
        -0.052446926743241
      ],
      [
        0.24201680139550502,
        -0.875130697155551,
        -0.550374682894701
      ],
      [
        -0.59523710135323,
        0.050079863962213006,
        -0.015480806839197002
      ],
      [
        0.11277862055508601,
        -0.914255325351868,
        -0.510544939695
      ],
      [
        -0.159953398511923,
        -0.80210414196955,
        -0.47749088775565
      ],
      [
        -0.714088145678328,
        -0.20254419602310902,
        -0.450240010810091
      ],
      [
        0.15479719149797802,
        -0.904167845890217,
        -0.5201079718817141
      ],
      [
        0.151129099231014,
        -0.9220585919627591,
        -0.46013596859489503
      ],
      [
        0.16344136180406402,
        -0.9228254022840231,
        -0.5195982764459031
      ],
      [
        -0.7396144313542711,
        0.021329611302578003,
        -0.07281898630568401
      ],
      [
        0.221690397286249,
        -0.8961941022478631,
        -0.550374682894701
      ],
      [
        0.28333521274955503,
        -0.8866852060721201,
        -0.528043983297933
      ],
      [
        0.19327336307947002,
        -0.8919463369332671,
        -0.550374682894701
      ],
      [
        -0.7855283530285591,
        -0.263691610644029,
        -0.44758618295455604
      ],
      [
        0.101143676788167,
        -0.92542626059511,
        -0.463953264817747
      ],
      [
        0.10179880027997701,
        -0.910868093970271,
