{
  "parameters": {
    "coef0": 0.0,
    "coefficients": [
      [
        -1.0,
        -1.0,
        1.0,
        1.0
      ]
    ],
    "degree": 3,
    "gamma": 0.3333333333333333,
    "intercepts": [
      -1.000260442495346
    ],
    "kernel": "RBF",
    "nClasses": 2,
    "nRows": 2,
    "vectors": [
      [
        0.336662385456711,
        0.8737962962962961,
        0.12200781436713601
      ],
      [
        0.37772587872983504,
        0.8834259259259251,
        0.129871302335861
      ],
      [
        0.379041934778482,
        0.8878703703703701,
        0.126335127095696
      ],
      [
        0.341355449049058,
        0.88074074074074,
        0.125991164972341
      ]
    ],
    "weights": [
      2,
      2
    ]
  },
  "type": "SVC"
}