{
  "parameters": {
    "coef0": 0.0,
    "coefficients": [
      [
        -1000.0,
        -1000.0,
        -1000.0,
        -1000.0,
        -628.5821050475585,
        -1000.0,
        -1000.0,
        -1000.0,
        -1000.0,
        -1000.0,
        -1000.0,
        -28.89059966825149,
        -1000.0,
        -1000.0,
        -1000.0,
        -790.063143827661,
        -1000.0,
        -1000.0,
        -1000.0,
        -1000.0,
        -1000.0,
        -1000.0,
        -1000.0,
        -1000.0,
        -1000.0,
        -1000.0,
        -1000.0,
        -1000.0,
        -1000.0,
        -1000.0,
        -1000.0,
        -515.9263685988137,
        -1000.0,
        -1000.0,
        -12.578286537990673,
        -9.108450732339406,
        1000.0,
        1000.0,
        1000.0,
        1000.0,
        1000.0,
        754.4284552822287,
        1000.0,
        1000.0,
        1000.0,
        1000.0,
        317.1923628239218,
        1000.0,
        1000.0,
        1000.0,
        1000.0,
        751.9729862429249,
        1000.0,
        1000.0,
        1000.0,
        1000.0,
        1000.0,
        1000.0,
        1000.0,
        1000.0,
        1000.0,
        1000.0,
        1000.0,
        1000.0,
        1000.0,
        1000.0,
        1000.0,
        613.6830902892603,
        547.8720597742787,
        1000.0
      ]
    ],
    "degree": 3,
    "gamma": 0.1,
    "intercepts": [
      -0.7718570399946518
    ],
    "kernel": "RBF",
    "nClasses": 2,
    "nRows": 2,
    "vectors": [
      [
        -0.010448129065305001,
        -0.769279706356337,
        -0.48714518141102203
      ],
      [
        -0.37001782279405604,
        -0.592268623485895,
        -0.44302405745774703
      ],
      [
        0.39126575512780504,
        -0.971236482417661,
        -0.48714518141102203
      ],
      [
        0.248788115977458,
        -0.950020065081817,
        -0.48714518141102203
      ],
      [
        0.29287916522288004,
        -0.45177102621865106,
        -0.21230237478538602
      ],
      [
        -0.283378061644918,
        -0.669323353971456,
        -0.48714518141102203
      ],
      [
        0.099557579223897,
        -0.5220662276901591,
        -0.38666784119769304
      ],
      [
        -1.017441073200143,
        -0.11744406891455601,
        -0.387945678401012
      ],
      [
        -0.169245202952958,
        -0.711269323275826,
        -0.47397557134218404
      ],
      [
        0.301049777527364,
        -0.79906357189465,
        -0.48714518141102203
      ],
      [
        0.056487756496660005,
        -0.279315086184021,
        -0.48714518141102203
      ],
      [
        -1.265846297970454,
        2.140023628940514,
        1.380175104459104
      ],
      [
        -0.375472085780498,
        -0.7059145186837781,
        -0.48714518141102203
      ],
      [
        0.249702740324235,
        -1.103384453252339,
        -0.48714518141102203
      ],
      [
        0.061046499103848004,
        -0.771064641220352,
        -0.439581584370051
      ],
      [
        0.111002299671871,
        -0.36499195965677605,
        -0.48714518141102203
      ],
      [
        0.37844053412615003,
        -0.8475838637832971,
        -0.48714518141102203
      ],
      [
        0.019339268882038,
        -0.7505378902841711,
        -0.41518820735404705
      ],
      [
        0.390064756997658,
        -1.175462540446351,
        -0.48714518141102203
      ],
      [
        0.269183373891329,
        -0.5338438393117381,
        -0.17003297237060402
      ],
      [
        0.37733039506647903,
        -0.8361081101000901,
        -0.48714518141102203
      ],
      [
        -0.261341912006266,
        -0.741613215964093,
        -0.48714518141102203
      ],
      [
        -0.294807518613906,
        -0.40872286382516104,
        -0.48714518141102203
      ],
      [
        0.062807239321224,
        -0.838774194289117,
        -0.48714518141102203
      ],
      [
        -1.043297596839077,
        -0.085712497372792,
        -0.39335256840960003
      ],
      [
        -0.34440701955019704,
        -0.6928674947968061,
        -0.48714518141102203
      ],
      [
        -0.5844757039756431,
        0.12427154287593702,
        -0.40414302789023704
      ],
      [
        -1.032614062257693,
        -0.143375245658365,
        -0.385054425230674
      ],
      [
        0.126468262487445,
        -0.6520689836193041,
        -0.48714518141102203
      ],
      [
        0.45447208845413306,
        -0.8972315981390651,
        -0.48714518141102203
      ],
      [
        0.251282058868081,
        -1.038926956774873,
        -0.48714518141102203
      ],
      [
        0.6995939163606351,
        -1.195480396495254,
        -0.48714518141102203
      ],
      [
        0.229214446316297,
        -0.9171430374244891,
        -0.48714518141102203
      ],
      [
        -0.30546890989429604,
        -0.7787143620661341,
        -0.48714518141102203
      ],
      [
        2.626891014256037,
        -0.645503705958557,
        -0.48714518141102203
      ],
      [
        -0.358600433202711,
        0.759585373099231,
        0.8201664391901501
      ],
      [
        0.168553751092954,
        -0.8390022146473901,
        -0.42497043558706205
      ],
      [
        0.160206726643866,
        -0.86852208102985,
        -0.336992384656149
      ],
      [
        -0.148431179707636,
        -0.7072693853120531,
        -0.48714518141102203
      ],
      [
        0.08684040225914501,
        -0.833270020479512,
        -0.48714518141102203
      ],
      [
        0.11772002164487201,
        -0.8024593212301491,
        -0.455719599573964
      ],
      [
        1.059749438426646,
        -0.045370651200149006,
        -0.48714518141102203
      ],
      [
        0.246798356487706,
        -0.9697262317972881,
        -0.48714518141102203
      ],
      [
        0.111147016265478,
        -0.8231126471006011,
        -0.48714518141102203
      ],
      [
        0.13219726058616002,
        -0.85752448375011,
        -0.48714518141102203
      ],
      [
        0.29800423368107004,
        -0.8760467528528301,
        -0.48714518141102203
      ],
      [
        -0.9372398333631821,
        -0.267019240338131,
        -0.412343509988967
      ],
      [
        0.27171273119939804,
        -0.83668693100955,
        -0.48714518141102203
      ],
      [
        -0.12204795028979401,
        -0.691237505332388,
        -0.41672631442171704
      ],
      [
        -0.7322070905885331,
        -0.08013065906085101,
        -0.407047907719695
      ],
      [
        -0.7002325728130381,
        -0.092439005625884,
        -0.390462906219444
      ],
      [
        -0.193333556301614,
        -0.7706186586297591,
        -0.48714518141102203
      ],
      [
        -0.5053004561030351,
        0.02211651972297,
        -0.41595965010755803
      ],
      [
        -0.509256577223624,
        0.022904215604688003,
        -0.395186536610564
      ],
      [
        0.269700904276503,
        -0.9572044603701451,
        -0.48714518141102203
      ],
      [
        -0.9254694301260641,
        -0.234134364261693,
        -0.412281376314983
      ],
      [
        -0.912347137431837,
        -0.289777082508798,
        -0.41821638259988503
      ],
      [
        0.09566713738950701,
        -0.8625295822024991,
        -0.48714518141102203
      ],
      [
        0.060097689269352,
        -0.88820199195149,
        -0.48714518141102203
      ],
      [
        0.12463302741238401,
        -0.8717907167538591,
        -0.48714518141102203
      ],
      [
        0.16485961989727602,
        -0.767972620186513,
        -0.344581861340079
      ],
      [
        0.25223370397557104,
        -0.9993729498522911,
        -0.48714518141102203
      ],
      [
        0.25639251259282103,
        -0.8239528710014301,
        -0.46941657794754205
      ],
      [
        0.207303056013549,
